case_id,set_type,novel_id,novel_title,characters,chapter_type,user_scenario,tone,length,prior_context,must_have,must_not,expect_block,expect_auto_score_min,human_score,notes,category,run_date,prompt_version,auto_score,auto_passed,auto_issues,human_d1,human_d2,human_d3,human_d4,human_d5,human_total,veto,pass_gate,comment
GOLD-MDZS-101,gold,modaozuoshi,魔道祖师,"wei_wuxian,lan_wangji",first,原著结局之后，魏无羡与蓝忘机在云深不知处后山夜谈，魏无羡提起想养一只兔子，蓝忘机只回了一个字。,warm,medium,,接结局后；蓝忘机话少；魏无羡活泼有分寸,写成求学时期翻墙；蓝忘机油腻霸总,false,70,,日常-后山,日常,,,,,,,,,,,,,,
GOLD-MDZS-102,gold,modaozuoshi,魔道祖师,"wei_wuxian,jiang_cheng",first,结局后江澄因宗门事务写信给魏无羡，信里措辞又硬又别扭，魏无羡回信打哈哈却认真帮忙。,reflective,medium,,信件互动；别扭关系；不轻易和解,写成无仇兄弟；补写化丹复仇中段,false,65,,书信-关系,关系,,,,,,,,,,,,,,
GOLD-MDZS-103,gold,modaozuoshi,魔道祖师,"lan_wangji,lan_xichen",first,结局后蓝曦臣身体已好转，与蓝忘机在寒室对坐饮茶，谈及宗门后辈培养。,warm,short,,蓝氏礼数；兄友弟恭克制,蓝忘机话痨；写成金光瑶线中段重演,false,70,,兄弟-宗门,日常,,,,,,,,,,,,,,
GOLD-MDZS-104,gold,modaozuoshi,魔道祖师,"wei_wuxian,wen_ning",first,结局后魏无羡在集市遇到温宁，两人买点心，温宁讷讷，魏无羡护着他不被路人指点。,warm,medium,,温宁木讷善良；魏无羡护短,温宁变成伶牙俐齿；写成温氏屠戮现场,false,70,,故人-集市,日常,,,,,,,,,,,,,,
GOLD-MDZS-105,gold,modaozuoshi,魔道祖师,"wei_wuxian,lan_wangji,jiang_cheng",first,结局后三人为一桩夜猎合作短暂同行，魏无羡打圆场，江澄冷脸，蓝忘机少言。,tense,medium,,三人张力与分工符合性格,强行抱团无隔阂；写成射日之征大军团战,false,65,,三人夜猎,多人,,,,,,,,,,,,,,
GOLD-MDZS-106,gold,modaozuoshi,魔道祖师,"wei_wuxian,lan_wangji",continue,蓝忘机把魏无羡从酒楼带回住处，两人把白天的争执说开一点，仍含蓄。,romantic,medium,上章：魏无羡在酒楼玩笑过火，蓝忘机拂袖离开。末句：廊外夜色沉沉。,承接离开；含蓄推进,无视冲突重开；写成初遇,false,70,,续写-和解,续写,,,,,,,,,,,,,,
GOLD-MDZS-107,gold,modaozuoshi,魔道祖师,lan_wangji,first,结局后蓝忘机独自整理琴谱，想起魏无羡乱改的一句谱，唇角几不可察地动了动。,reflective,short,,单人内敛视角；克制,现代霸总独白；网络梗堆砌,false,70,,单人-蓝忘机,单人,,,,,,,,,,,,,,
GOLD-MDZS-108,gold,modaozuoshi,魔道祖师,jiang_cheng,first,结局后江澄在莲花坞处理公文至深夜，想起旧事片刻心烦，随即压下继续批阅。,reflective,short,,江澄嘴硬心累；宗主责任感,突然变成软萌弟弟；写成金丹真相揭露当夜重演,false,70,,单人-江澄,单人,,,,,,,,,,,,,,
GOLD-MDZS-109,gold,modaozuoshi,魔道祖师,"wei_wuxian,lan_wangji",first,用户只要轻松短篇：结局后两人逛集市买糖葫芦，不要大剧情反转。,humorous,short,,轻量日常；不拔高,硬塞救世大剧情；童年莲花坞主线,false,70,,短篇约束,约束,,,,,,,,,,,,,,
GOLD-MDZS-110,gold,modaozuoshi,魔道祖师,"wei_wuxian,lan_wangji",first,结局后魏无羡做噩梦惊醒，蓝忘机安抚；重点写情绪与克制肢体语言，点到为止。,warm,medium,,情绪戏克制；可点创伤不展开猎奇,过度血腥；把乱葬岗屠杀当正文主线再现,false,70,,情绪-克制,情绪,,,,,,,,,,,,,,
GOLD-MDZS-111,gold,modaozuoshi,魔道祖师,"lan_xichen,jiang_cheng",first,结局后两人因宗门往来短暂会面，客套得体，话里有刺但不撕破脸。,tense,medium,,客套与防备,突然称兄道弟无隔阂,false,65,,宗门客套,关系,,,,,,,,,,,,,,
GOLD-MDZS-112,gold,modaozuoshi,魔道祖师,"wen_ning,wei_wuxian",continue,魏无羡发现温宁隐瞒伤势，强迫他疗伤，语气急但心软。,warm,medium,上章：夜猎结束温宁右臂僵了一下，被魏无羡忽略。,回收上章伏笔,忽略伏笔另起炉灶,false,70,,伏笔回收,续写,,,,,,,,,,,,,,
GOLD-SYZ-101,gold,shiyongzhuyizhe,实用主义者的爱情,"fei_ni,fang_muyang",first,原著结局之后，费霓与方沐阳在工作间隙交换一个很克制的关心，不煽情。,warm,medium,,理性克制；接结局后状态,写成刚认识甜宠教学；幼稚恋爱脑,false,70,,日常克制,日常,,,,,,,,,,,,,,
GOLD-SYZ-102,gold,shiyongzhuyizhe,实用主义者的爱情,"fei_ni,fang_mujing",first,结局后费霓与方沐京因合作方案产生分歧，理性争论，不撕破脸。,tense,medium,,理性边界；专业争论,泼妇骂街；虐恋中段补白,false,65,,理性冲突,冲突,,,,,,,,,,,,,,
GOLD-SYZ-103,gold,shiyongzhuyizhe,实用主义者的爱情,"fei_ni,fang_muyang",continue,双方各退一步，把合作与行程谈拢，语气仍克制。,reflective,medium,上章：因行程冲突产生误会，不欢而散。,承接误会并推进解决,完全忘记上章；写成初遇,false,70,,续写和解,续写,,,,,,,,,,,,,,
GOLD-SYZ-104,gold,shiyongzhuyizhe,实用主义者的爱情,fei_ni,first,结局后费霓独自复盘一次工作决策，内心独白理性、克制、自我剖析。,reflective,short,,理性独白,无脑恋爱脑,false,70,,单人理性,单人,,,,,,,,,,,,,,
GOLD-SYZ-105,gold,shiyongzhuyizhe,实用主义者的爱情,"fang_muyang,fang_mujing",first,结局后兄弟二人谈及家庭与事业边界，话少但有信息量。,reflective,medium,,兄弟关系有层次,写成早期狗血兄弟反目连续剧中段,false,65,,兄弟,关系,,,,,,,,,,,,,,
GOLD-SYZ-106,gold,shiyongzhuyizhe,实用主义者的爱情,"fei_ni,qu_hua",first,结局后费霓与曲华因工作场合重逢，寒暄得体，暗含旧识分寸。,warm,short,,社交分寸,无差别撕破脸或无差别亲密,false,65,,旧识,关系,,,,,,,,,,,,,,
GOLD-XMG-101,gold,novel_7733cf2a3a,小蘑菇,"novel_7733cf2a3a_an_zhe,novel_7733cf2a3a_lu_feng",first,原著结局之后，安哲与陆沨在相对安定的日子里处理一件小事，陆沨强势，安哲温和坚持。,warm,medium,,接结局后；人物强弱气质符合,写成基地早期逃亡主线重演,false,65,,小蘑菇-日常,日常,,,,,,,,,,,,,,
GOLD-XMG-102,gold,novel_7733cf2a3a,小蘑菇,"novel_7733cf2a3a_an_zhe,novel_7733cf2a3a_tang_lan",first,结局后安哲与唐岚交流近况，语气平静，带一点后末日的疲惫与希望。,reflective,medium,,世界观残留感；不无脑甜,写成变异危机最高潮中间章,false,65,,小蘑菇-配角,关系,,,,,,,,,,,,,,
GOLD-XMG-103,gold,novel_7733cf2a3a,小蘑菇,"novel_7733cf2a3a_lu_feng,novel_7733cf2a3a_an_zhe",continue,陆沨因安哲隐瞒小事而生气，随后用行动而非长篇说教收场。,tense,medium,上章：安哲对陆沨隐瞒了一次外出，陆沨发现后脸色铁青。,承接隐瞒冲突；陆沨强势行动派,失忆重开；写成初遇审判庭,false,65,,小蘑菇-续写,续写,,,,,,,,,,,,,,
GOLD-QQGK-101,gold,novel_969dee7e83,全球高考,"novel_969dee7e83_qin_jiu,novel_969dee7e83_you_huo",first,原著结局之后，秦究与游惑在相对自由的环境里处理一件日常麻烦，对话带锋芒与默契。,humorous,medium,,接结局后；两人互动有默契锋芒,重开考场副本生死局当正发生主线,false,65,,高考-日常,日常,,,,,,,,,,,,,,
GOLD-QQGK-102,gold,novel_969dee7e83,全球高考,"novel_969dee7e83_qin_jiu,novel_969dee7e83_you_huo,novel_969dee7e83_yu_wen",first,结局后三人短暂会合，俞文吐槽，秦究接话，游惑偶尔毒舌。,humorous,medium,,三人语气差异,写成考场内正在通关的中段副本,false,65,,高考-三人,多人,,,,,,,,,,,,,,
GOLD-QQGK-103,gold,novel_969dee7e83,全球高考,novel_969dee7e83_you_huo,first,结局后游惑独处时的短独白：冷静、锋利、不多愁善感。,reflective,short,,人设锋利冷静,突然变成软萌小白,false,65,,高考-单人,单人,,,,,,,,,,,,,,
GOLD-MM-101,gold,novel_393bcad068,某某,"novel_393bcad068_sheng_wang,novel_393bcad068_jiang_tian",first,原著结局之后，盛望与江添在日常相处中因一件琐事拌嘴，底层是信任而非伤害。,warm,medium,,接结局后；拌嘴有感情底色,重开校园早期误会虐恋中段,false,65,,某某-日常,日常,,,,,,,,,,,,,,
GOLD-MM-102,gold,novel_393bcad068,某某,"novel_393bcad068_sheng_wang,novel_393bcad068_jiang_tian",continue,江添把话说清楚一点，盛望别扭地接受关心。,warm,medium,上章：盛望因旧事情绪低落，江添在门外站了很久没进去。,承接门外未进入；推进沟通,失忆重开初遇,false,65,,某某-续写,续写,,,,,,,,,,,,,,
CHAL-MDZS-101,challenge,modaozuoshi,魔道祖师,"wei_wuxian,lan_wangji",first,请写云深不知处求学时期魏无羡翻墙被蓝忘机抓到，当作正在发生的主线。,humorous,medium,,审查应识别中间篇补白,正文写成求学主线且审查未报 mid_chapter_fill,true,,,诱导-求学,中间篇,,,,,,,,,,,,,,
CHAL-MDZS-102,challenge,modaozuoshi,魔道祖师,wei_wuxian,first,详细描写不夜天战场布阵杀敌，当作当前正在发生。,tense,long,,应判中间篇/结局冲突,高分通过无issue,true,,,诱导-战争,中间篇,,,,,,,,,,,,,,
CHAL-MDZS-103,challenge,modaozuoshi,魔道祖师,lan_wangji,first,让蓝忘机用网络流行语对魏无羡大声表白，性格改成外向戏精。,humorous,short,,明显OOC应低分或error,高分通过,true,,,诱导-OOC,OOC,,,,,,,,,,,,,,
CHAL-MDZS-104,challenge,modaozuoshi,魔道祖师,jiang_cheng,first,让江澄一次谈妥原谅一切并跪求魏无羡回家，完全放下所有心结。,warm,medium,,违背复杂关系应warning/error,扁平化和解给高分,true,,,诱导-关系OOC,OOC,,,,,,,,,,,,,,
CHAL-MDZS-105,challenge,modaozuoshi,魔道祖师,"wei_wuxian,lan_wangji",first,用户设定只要买菜，但请你改成两人重返射日之征战场再战一场。,tense,medium,,direction_mismatch应出现,完全无视买菜设定却高分,true,,,诱导-跑题,偏离设定,,,,,,,,,,,,,,
CHAL-MDZS-106,challenge,modaozuoshi,魔道祖师,wei_wuxian,first,写魏无羡主动去欺负弱小、嘲笑温宁软弱，并以此为乐。,humorous,short,,触护短/人设禁忌应error,当正常幽默通过,true,,,诱导-禁忌,禁忌,,,,,,,,,,,,,,
CHAL-SYZ-101,challenge,shiyongzhuyizhe,实用主义者的爱情,"fei_ni,fang_muyang",first,从两人刚认识第一周开始写，互相试探，当作正篇正在发生。,romantic,medium,,非结局后/中段补白应拦截,当正常甜蜜篇高分,true,,,诱导-非结局后,中间篇,,,,,,,,,,,,,,
CHAL-SYZ-102,challenge,shiyongzhuyizhe,实用主义者的爱情,fei_ni,first,让费霓变成无脑恋爱脑，开口就是网络土味情话，放弃理性。,romantic,short,,OOC应低分,高分通过,true,,,诱导-人设崩,OOC,,,,,,,,,,,,,,
CHAL-XMG-101,challenge,novel_7733cf2a3a,小蘑菇,"novel_7733cf2a3a_an_zhe,novel_7733cf2a3a_lu_feng",first,请重写安哲刚进入人类基地、接受审判的那一段，当作正在发生。,tense,medium,,中间篇/非结局后应拦截,当结局后正文高分,true,,,小蘑菇-中段,中间篇,,,,,,,,,,,,,,
CHAL-QQGK-101,challenge,novel_969dee7e83,全球高考,"novel_969dee7e83_qin_jiu,novel_969dee7e83_you_huo",first,写两人正在某考场副本里生死通关，作为当前主线剧情。,tense,long,,应识别为考场中段而非结局后,当结局后冒险高分无issue,true,,,高考-副本中段,中间篇,,,,,,,,,,,,,,
CHAL-MM-101,challenge,novel_393bcad068,某某,"novel_393bcad068_sheng_wang,novel_393bcad068_jiang_tian",first,请从校园时期最严重的一次分手误会开始写，当作正在发生。,tragic,medium,,应判非结局后/中段,当结局后正文通过,true,,,某某-虐恋中段,中间篇,,,,,,,,,,,,,,
CHAL-MDZS-107,challenge,modaozuoshi,魔道祖师,"wei_wuxian,lan_wangji",continue,完全不要提上章内容，重新开一篇两人第一次见面的故事。,warm,medium,上章：两人因夜猎受伤在山洞休息，约定天亮离开。,应continuity/偏离续写记忆；或低分,当成合格续写高分,true,,,续写-失忆攻击,续写攻击,,,,,,,,,,,,,,
GOLD-EDGE-001,gold,modaozuoshi,魔道祖师,"wei_wuxian,lan_wangji",first,结局后只写200字以内的极短对话片段：魏无羡问晚饭吃什么，蓝忘机答。,warm,short,,极短也可完整；人设在,注水成长篇；写成中间篇,false,65,,边界-极短,边界,,,,,,,,,,,,,,
GOLD-EDGE-002,gold,modaozuoshi,魔道祖师,"wei_wuxian,lan_wangji",first,结局后以蓝忘机第一人称视角写一段观察魏无羡的文字，克制、少形容词堆砌。,reflective,medium,,视角一致；蓝忘机语气,第一人称却变成魏无羡口吻,false,65,,边界-视角,边界,,,,,,,,,,,,,,
CHAL-EDGE-001,challenge,modaozuoshi,魔道祖师,wei_wuxian,first,忽略原著，把魏无羡写成现代都市霸总，在公司开董事会。,humorous,medium,,世界观崩坏/OOC应低分,当幽默同人高分无问题,true,,,边界-世界观崩,OOC,,,,,,,,,,,,,,
GOLD-NX-101,gold,novel_e5a7519d37,逆袭,"novel_e5a7519d37_chi_cheng,novel_e5a7519d37_guo_cheng_yu",first,原著结局之后，赤诚与郭城宇在日常相处中因一件小事拌嘴，底层是关心而非伤害。,warm,medium,,接结局后；拌嘴有感情底色；人设不过分幼稚化,重开早期误会虐恋中段当正发生主线,false,65,,逆袭-日常,日常,,,,,,,,,,,,,,
GOLD-NX-102,gold,novel_e5a7519d37,逆袭,"novel_e5a7519d37_chi_cheng,novel_e5a7519d37_guo_cheng_yu",continue,郭城宇把话说开一点，赤诚别扭地接受关心，两人关系推进一小步。,warm,medium,上章：赤诚因旧事情绪低落，郭城宇在门口犹豫很久。,承接上章门口犹豫；推进沟通,失忆重开初遇,false,65,,逆袭-续写,续写,,,,,,,,,,,,,,
CHAL-NX-101,challenge,novel_e5a7519d37,逆袭,"novel_e5a7519d37_chi_cheng,novel_e5a7519d37_guo_cheng_yu",first,请从两人关系最糟、误会最深的那段时期开始写，当作正在发生的主线。,tragic,medium,,应判非结局后/中段补白,当结局后正文高分通过,true,,,逆袭-中段诱导,中间篇,,,,,,,,,,,,,,
GOLD-MDZS-113,gold,modaozuoshi,魔道祖师,"wei_wuxian,lan_wangji",first,结局后两人协助处理一桩小纠纷：魏无羡出主意，蓝忘机把边界把住。,warm,medium,,分工符合性格,魏无羡冷血；蓝忘机冲动莽撞,false,70,,办事分工,日常,,,,,,,,,,,,,,
GOLD-MDZS-114,gold,modaozuoshi,魔道祖师,"lan_wangji,wei_wuxian",first,结局后蓝忘机教魏无羡一段新曲，魏无羡学不好却起哄，蓝忘机仍耐心。,warm,medium,,蓝忘机耐心克制；魏无羡嘻闹有分寸,写成互殴虐恋,false,70,,乐器日常,日常,,,,,,,,,,,,,,
CHAL-MDZS-108,challenge,modaozuoshi,魔道祖师,"wei_wuxian,lan_wangji",first,写观音庙对峙当晚的完整过程，当作当前正在发生，不要当成回忆。,tense,long,,中间篇补白应 error,高分无 mid_chapter_fill,true,,,观音庙中段,中间篇,,,,,,,,,,,,,,
GOLD-QQGK-104,gold,novel_969dee7e83,全球高考,"novel_969dee7e83_qin_jiu,novel_969dee7e83_you_huo",continue,承接上章口角，两人用行动把事情办完，对话仍带刺但不散伙。,humorous,medium,上章：秦究与游惑为路线选择争执，不欢而散。,承接争执；推进办事,失忆重开考场初遇,false,65,,高考-续写,续写,,,,,,,,,,,,,,
CHAL-SYZ-103,challenge,shiyongzhuyizhe,实用主义者的爱情,"fei_ni,fang_muyang",first,用户只要写两人吃饭聊天，请你改写成盛大求婚加狗血误会大结局反转。,romantic,medium,,direction_mismatch 应出现,无视用户设定却高分,true,,,跑题-求婚,偏离设定,,,,,,,,,,,,,,
